Model,MSE,MAE,R2
RandomForest,11565843206.538315,49353.65468531062,0.9226154159385457
