Model,MSE,MAE,R2
SVR,152786350430.29,189595.3657009886,-0.022260804264727208
