Model,MSE,MAE,R2
XGBoost,21223137755.82739,70925.30443725937,0.8580005228857667
