Model,MSE,MAE,R2
XGBoost,6086606280.324726,47236.39890076643,0.9592758187243541
