Model,MSE,MAE,R2
GradientBoosting,56903182163.84643,97424.60426022355,0.6192729743186293
