Model,MSE,MAE,R2
LinearRegression,83691295157.84373,135235.61148112785,0.44003943770455556
