Model,MSE,MAE,R2
XGBoost,3521046242.2552643,34338.163316558996,0.9764414324098707
